{
    "mean_centroid_dist": {
        "0": 0.2741244976024711,
        "1": 0.25163733662823046,
        "2": 0.32004415832383154,
        "3": 0.4012115065147656,
        "4": 0.3412795331153804,
        "5": 0.2853735927958549
    },
    "n_labels": 6,
    "silhouette": 0.014420477195871775,
    "time": 23.73740792274475
}